Rank,Score,Num1,Num2,Num3,Num4,Num5,Sum,Even,Odd,Mean,Median
1,68.5,3,12,19,28,38,100,3,2,20.0,19
2,68.5,5,13,22,28,32,100,3,2,20.0,22
3,68.5,8,10,19,22,41,100,3,2,20.0,19
4,68.0,9,12,16,27,37,101,2,3,20.2,16
5,68.0,3,11,21,26,38,99,2,3,19.8,21
6,68.0,7,16,19,26,33,101,2,3,20.2,19
7,68.0,4,17,19,28,33,101,2,3,20.2,19
8,68.0,4,13,20,25,37,99,2,3,19.8,20
9,68.0,4,10,23,27,37,101,2,3,20.2,23
10,68.0,3,12,23,27,36,101,2,3,20.2,23
11,68.0,2,12,27,29,31,101,2,3,20.2,27
12,68.0,1,3,16,39,42,101,2,3,20.2,16
13,68.0,8,10,21,23,39,101,2,3,20.2,21
14,68.0,1,10,21,25,42,99,2,3,19.8,21
15,68.0,6,13,19,23,38,99,2,3,19.8,19
16,68.0,5,12,21,23,38,99,2,3,19.8,21
17,68.0,5,13,20,25,36,99,2,3,19.8,20
18,68.0,1,15,19,28,38,101,2,3,20.2,19
19,68.0,8,15,17,25,34,99,2,3,19.8,17
20,68.0,5,7,11,36,40,99,2,3,19.8,11
21,68.0,1,10,20,33,35,99,2,3,19.8,20
22,68.0,1,14,19,26,41,101,2,3,20.2,19
23,68.0,5,9,13,30,42,99,2,3,19.8,13
24,68.0,3,11,20,28,39,101,2,3,20.2,20
25,68.0,4,15,23,26,31,99,2,3,19.8,23
26,68.0,3,15,24,26,31,99,2,3,19.8,24
27,68.0,1,13,24,26,37,101,2,3,20.2,24
28,67.5,4,13,22,30,33,102,3,2,20.4,22
29,67.5,2,17,20,28,35,102,3,2,20.4,20
30,67.5,1,4,21,36,40,102,3,2,20.4,21
31,67.5,7,13,18,22,42,102,3,2,20.4,18
32,67.5,3,14,20,31,34,102,3,2,20.4,20
33,67.5,1,13,20,28,36,98,3,2,19.6,20
34,67.5,5,11,14,32,40,102,3,2,20.4,14
35,67.5,6,13,20,29,34,102,3,2,20.4,20
36,67.5,2,9,18,28,41,98,3,2,19.6,18
37,67.5,2,13,20,32,41,108,3,2,21.6,20
38,67.5,1,10,15,36,40,102,3,2,20.4,15
39,67.5,1,15,20,32,34,102,3,2,20.4,20
40,67.5,4,11,24,26,33,98,3,2,19.6,24
41,67.5,3,12,21,32,34,102,3,2,20.4,21
42,67.5,8,10,21,25,38,102,3,2,20.4,21
43,67.5,1,16,20,27,34,98,3,2,19.6,20
44,67.5,9,11,20,26,36,102,3,2,20.4,20
45,67.5,2,10,15,29,42,98,3,2,19.6,15
46,67.5,3,8,14,31,42,98,3,2,19.6,14
47,67.5,9,14,18,23,38,102,3,2,20.4,18
48,67.5,6,11,20,27,34,98,3,2,19.6,20
49,67.5,7,14,18,22,41,102,3,2,20.4,18
50,67.5,6,12,17,28,39,102,3,2,20.4,17
51,67.5,4,10,21,30,37,102,3,2,20.4,21
52,67.5,1,10,25,30,36,102,3,2,20.4,25
53,67.0,5,13,18,28,39,103,2,3,20.6,18
54,67.0,2,17,20,31,33,103,2,3,20.6,20
55,67.0,5,12,21,27,38,103,2,3,20.6,21
56,67.0,6,11,25,27,34,103,2,3,20.6,25
57,67.0,3,7,16,30,41,97,2,3,19.4,16
58,67.0,1,17,19,26,34,97,2,3,19.4,19
59,67.0,1,4,16,35,41,97,2,3,19.4,16
60,67.0,5,12,17,29,40,103,2,3,20.6,17
61,67.0,1,12,17,25,42,97,2,3,19.4,17
62,67.0,8,13,19,23,34,97,2,3,19.4,19
63,67.0,4,9,14,35,41,103,2,3,20.6,14
64,67.0,1,19,25,28,30,103,2,3,20.6,25
65,67.0,8,16,21,23,35,103,2,3,20.6,21
66,67.0,3,9,13,32,40,97,2,3,19.4,13
67,67.0,5,14,19,28,37,103,2,3,20.6,19
68,67.0,4,13,15,29,42,103,2,3,20.6,15
69,67.0,2,11,17,25,42,97,2,3,19.4,17
70,67.0,6,11,17,29,34,97,2,3,19.4,17
71,67.0,4,14,19,25,41,103,2,3,20.6,19
72,66.5,2,5,12,36,41,96,3,2,19.2,12
73,66.5,1,12,20,36,41,110,3,2,22.0,20
74,66.5,1,14,16,27,38,96,3,2,19.2,16
75,66.5,8,12,21,29,34,104,3,2,20.8,21
76,66.5,5,16,20,24,39,104,3,2,20.8,20
77,66.5,6,14,16,23,37,96,3,2,19.2,16
78,66.5,3,18,23,26,34,104,3,2,20.8,23
79,66.5,8,10,13,28,37,96,3,2,19.2,13
80,66.5,5,8,13,28,42,96,3,2,19.2,13
81,66.5,7,13,24,28,32,104,3,2,20.8,24
82,66.5,6,13,18,22,37,96,3,2,19.2,18
83,66.5,6,13,21,26,38,104,3,2,20.8,21
84,66.5,8,10,21,26,39,104,3,2,20.8,21
85,66.5,2,12,17,29,36,96,3,2,19.2,17
86,66.5,3,10,21,28,34,96,3,2,19.2,21
87,66.0,7,12,23,28,35,105,2,3,21.0,23
88,66.0,2,5,17,29,42,95,2,3,19.0,17
89,66.0,4,11,27,29,34,105,2,3,21.0,27
90,66.0,8,14,19,29,35,105,2,3,21.0,19
91,66.0,2,10,17,25,41,95,2,3,19.0,17
92,66.0,2,14,21,27,31,95,2,3,19.0,21
93,66.0,2,10,19,27,37,95,2,3,19.0,19
94,66.0,3,12,23,26,31,95,2,3,19.0,23
95,66.0,9,13,16,28,39,105,2,3,21.0,16
96,66.0,1,3,24,35,42,105,2,3,21.0,24
97,66.0,3,13,19,24,36,95,2,3,19.0,19
98,66.0,1,12,19,33,40,105,2,3,21.0,19
99,66.0,9,15,20,24,37,105,2,3,21.0,20
100,66.0,6,9,18,23,39,95,2,3,19.0,18
101,65.51,3,15,22,30,42,112,3,2,22.4,22
102,65.5,2,12,15,26,39,94,3,2,18.8,15
103,65.5,2,16,18,29,41,106,3,2,21.2,18
104,65.5,6,11,18,29,42,106,3,2,21.2,18
105,65.5,8,11,15,22,38,94,3,2,18.8,15
106,65.5,8,11,14,32,41,106,3,2,21.2,14
107,65.5,2,12,15,24,41,94,3,2,18.8,15
108,65.5,4,16,18,27,41,106,3,2,21.2,18
109,65.5,1,10,16,37,42,106,3,2,21.2,16
110,65.5,5,12,16,23,38,94,3,2,18.8,16
111,65.5,2,7,24,32,41,106,3,2,21.2,24
112,65.5,1,10,14,27,42,94,3,2,18.8,14
113,65.5,6,11,26,28,35,106,3,2,21.2,26
114,65.5,2,10,15,26,41,94,3,2,18.8,15
115,65.5,5,12,20,26,31,94,3,2,18.8,20
116,65.5,7,9,22,28,34,100,3,2,20.0,22
117,65.5,3,6,18,29,38,94,3,2,18.8,18
118,65.5,5,14,17,30,40,106,3,2,21.2,17
119,65.5,1,6,10,37,40,94,3,2,18.8,10
120,65.5,2,7,21,34,42,106,3,2,21.2,21
121,65.5,4,12,21,33,36,106,3,2,21.2,21
122,65.5,6,12,22,29,37,106,3,2,21.2,22
123,65.5,4,7,20,31,38,100,3,2,20.0,20
124,65.5,1,18,20,25,42,106,3,2,21.2,20
125,65.5,6,10,26,29,35,106,3,2,21.2,26
126,65.5,9,12,16,20,37,94,3,2,18.8,16
127,65.5,6,10,19,21,38,94,3,2,18.8,19
128,65.5,4,15,21,32,34,106,3,2,21.2,21
129,65.5,6,15,22,27,36,106,3,2,21.2,22
130,65.5,6,11,18,31,34,100,3,2,20.0,18
131,65.5,4,10,23,31,38,106,3,2,21.2,23
132,65.01,1,15,24,33,40,113,2,3,22.6,24
133,65.01,1,13,20,38,41,113,2,3,22.6,20
134,65.0,1,12,17,35,42,107,2,3,21.4,17
135,65.0,5,13,17,32,34,101,2,3,20.2,17
136,65.0,1,7,19,36,38,101,2,3,20.2,19
137,65.0,7,10,12,31,39,99,2,3,19.8,12
138,65.0,4,12,15,35,41,107,2,3,21.4,15
139,65.0,4,15,21,28,39,107,2,3,21.4,21
140,65.0,4,7,20,33,35,99,2,3,19.8,20
141,65.0,1,12,16,35,37,101,2,3,20.2,16
142,65.0,3,18,21,28,37,107,2,3,21.4,21
143,65.0,8,12,19,27,41,107,2,3,21.4,19
144,65.0,7,18,23,27,32,107,2,3,21.4,23
145,65.0,5,8,19,32,35,99,2,3,19.8,19
146,65.0,4,11,21,27,30,93,2,3,18.6,21
147,65.0,4,8,19,33,35,99,2,3,19.8,19
148,65.0,1,17,19,24,32,93,2,3,18.6,19
149,65.0,2,11,19,31,36,99,2,3,19.8,19
150,65.0,7,15,21,24,40,107,2,3,21.4,21
151,65.0,4,13,15,31,38,101,2,3,20.2,15
152,65.0,5,10,21,23,34,93,2,3,18.6,21
153,65.0,1,10,19,27,36,93,2,3,18.6,19
154,65.0,5,11,15,30,38,99,2,3,19.8,15
155,64.51,5,10,20,37,42,114,3,2,22.8,20
156,64.51,5,14,22,32,41,114,3,2,22.8,22
157,64.5,10,18,21,23,30,102,3,2,20.4,21
158,64.5,2,7,26,29,34,98,3,2,19.6,26
159,64.5,7,18,20,23,40,108,3,2,21.6,20
160,64.5,2,10,19,35,42,108,3,2,21.6,19
161,64.5,6,8,17,31,36,98,3,2,19.6,17
162,64.5,6,13,18,30,35,102,3,2,20.4,18
163,64.5,3,8,26,29,32,98,3,2,19.6,26
164,64.5,4,8,25,30,35,102,3,2,20.4,25
165,64.5,8,17,21,26,36,108,3,2,21.6,21
166,64.5,6,15,20,26,41,108,3,2,21.6,20
167,64.5,2,9,11,28,42,92,3,2,18.4,11
168,64.5,2,13,17,30,36,98,3,2,19.6,17
169,64.5,1,16,27,30,34,108,3,2,21.6,27
170,64.5,4,7,16,36,39,102,3,2,20.4,16
171,64.5,7,12,21,26,42,108,3,2,21.6,21
172,64.5,6,12,21,28,41,108,3,2,21.6,21
173,64.5,9,14,17,30,32,102,3,2,20.4,17
174,64.5,6,9,14,21,42,92,3,2,18.4,14
175,64.5,1,10,18,30,39,98,3,2,19.6,18
176,64.5,4,7,21,26,40,98,3,2,19.6,21
177,64.5,8,17,24,28,31,108,3,2,21.6,24
178,64.5,4,8,25,30,41,108,3,2,21.6,25
179,64.5,1,15,28,30,34,108,3,2,21.6,28
180,64.5,8,12,17,22,33,92,3,2,18.4,17
181,64.5,3,8,16,29,36,92,3,2,18.4,16
182,64.5,3,14,18,20,37,92,3,2,18.4,18
183,64.5,5,10,14,27,36,92,3,2,18.4,14
184,64.01,3,15,23,34,40,115,2,3,23.0,23
185,64.0,4,13,17,33,36,103,2,3,20.6,17
186,64.0,5,10,19,33,42,109,2,3,21.8,19
187,64.0,3,11,22,34,39,109,2,3,21.8,22
188,64.0,1,7,26,31,38,103,2,3,20.6,26
189,64.0,5,9,12,29,36,91,2,3,18.2,12
190,64.0,3,9,22,34,41,109,2,3,21.8,22
191,64.0,3,7,26,29,32,97,2,3,19.4,26
192,64.0,2,5,24,37,41,109,2,3,21.8,24
193,64.0,7,14,22,29,37,109,2,3,21.8,22
194,64.0,6,10,25,33,35,109,2,3,21.8,25
195,64.0,1,15,17,36,40,109,2,3,21.8,17
196,64.0,3,8,17,31,38,97,2,3,19.4,17
197,64.0,4,7,23,25,38,97,2,3,19.4,23
198,64.0,3,10,18,27,33,91,2,3,18.2,18
199,64.0,7,16,19,26,41,109,2,3,21.8,19
200,64.0,7,11,17,32,36,103,2,3,20.6,17
201,64.0,4,11,17,32,39,103,2,3,20.6,17
202,64.0,6,11,14,37,41,109,2,3,21.8,14
203,64.0,7,15,24,30,33,109,2,3,21.8,24
204,64.0,5,8,13,26,39,91,2,3,18.2,13
205,63.51,4,10,21,25,30,90,3,2,18.0,21
206,63.51,4,18,20,27,41,110,3,2,22.0,20
207,63.51,8,16,23,26,37,110,3,2,22.0,23
208,63.51,2,12,14,29,33,90,3,2,18.0,14
209,63.51,5,18,20,26,41,110,3,2,22.0,20
210,63.51,3,14,17,20,36,90,3,2,18.0,17
211,63.51,4,19,23,28,36,110,3,2,22.0,23
212,63.51,6,8,16,27,33,90,3,2,18.0,16
213,63.51,6,12,22,29,41,110,3,2,22.0,22
214,63.51,8,11,28,30,33,110,3,2,22.0,28
215,63.51,1,14,23,36,42,116,3,2,23.2,23
216,63.51,9,12,27,30,32,110,3,2,22.0,27
217,63.51,2,13,22,35,38,110,3,2,22.0,22
218,63.51,6,8,17,20,39,90,3,2,18.0,17
219,63.51,6,14,21,33,42,116,3,2,23.2,21
220,63.51,2,13,20,24,31,90,3,2,18.0,20
221,63.51,2,15,21,36,42,116,3,2,23.2,21
222,63.51,2,14,26,31,37,110,3,2,22.0,26
223,63.51,6,14,21,27,42,110,3,2,22.0,21
224,63.51,8,12,26,29,35,110,3,2,22.0,26
225,63.5,1,19,20,28,32,100,3,2,20.0,20
226,63.5,4,15,16,24,41,100,3,2,20.0,16
227,63.5,4,6,19,32,35,96,3,2,19.2,19
228,63.5,1,10,19,36,38,104,3,2,20.8,19
229,63.5,7,10,12,32,35,96,3,2,19.2,12
230,63.5,3,7,24,28,34,96,3,2,19.2,24
231,63.5,4,11,16,34,39,104,3,2,20.8,16
232,63.5,1,6,25,28,36,96,3,2,19.2,25
233,63.5,2,16,17,24,41,100,3,2,20.0,17
234,63.01,5,11,14,23,36,89,2,3,17.8,14
235,63.01,1,9,24,35,42,111,2,3,22.2,24
236,63.01,9,19,24,28,31,111,2,3,22.2,24
237,63.01,1,13,15,24,36,89,2,3,17.8,15
238,63.01,8,15,22,29,37,111,2,3,22.2,22
239,63.01,2,7,19,26,35,89,2,3,17.8,19
240,63.01,9,18,24,27,33,111,2,3,22.2,24
241,63.01,6,10,17,37,41,111,2,3,22.2,17
242,63.01,9,12,15,33,42,111,2,3,22.2,15
243,63.01,9,12,18,31,41,111,2,3,22.2,18
244,63.01,7,14,23,28,39,111,2,3,22.2,23
245,63.01,3,9,13,24,40,89,2,3,17.8,13
246,63.01,3,6,13,29,38,89,2,3,17.8,13
247,63.01,9,12,21,34,41,117,2,3,23.4,21
248,63.0,2,5,26,29,33,95,2,3,19.0,26
249,63.0,2,9,25,27,32,95,2,3,19.0,25
250,63.0,2,7,25,29,32,95,2,3,19.0,25
251,63.0,1,13,18,35,38,105,2,3,21.0,18
252,63.0,2,17,18,23,39,99,2,3,19.8,18
253,63.0,2,3,17,36,41,99,2,3,19.8,17
254,63.0,3,11,12,33,40,99,2,3,19.8,12
255,63.0,3,10,28,29,31,101,2,3,20.2,28
256,63.0,1,7,21,30,36,95,2,3,19.0,21
257,63.0,1,10,23,24,41,99,2,3,19.8,23
258,63.0,7,8,11,35,40,101,2,3,20.2,11
259,63.0,5,10,21,22,41,99,2,3,19.8,21
260,63.0,5,8,21,26,35,95,2,3,19.0,21
261,63.0,1,8,23,25,38,95,2,3,19.0,23
262,63.0,7,9,13,30,36,95,2,3,19.0,13
263,63.0,9,10,13,27,42,101,2,3,20.2,13
264,63.0,4,6,25,27,33,95,2,3,19.0,25
265,63.0,4,9,10,35,41,99,2,3,19.8,10
266,63.0,9,10,19,25,38,101,2,3,20.2,19
267,63.0,3,4,17,33,42,99,2,3,19.8,17
268,63.0,9,12,13,27,38,99,2,3,19.8,13
269,62.51,9,11,18,34,40,112,3,2,22.4,18
270,62.51,6,13,20,35,38,112,3,2,22.4,20
271,62.51,6,11,22,35,38,112,3,2,22.4,22
272,62.51,1,18,28,30,35,112,3,2,22.4,28
273,62.51,6,8,19,38,41,112,3,2,22.4,19
274,62.51,1,6,16,27,38,88,3,2,17.6,16
275,62.51,6,11,14,25,32,88,3,2,17.6,14
276,62.51,5,8,12,23,40,88,3,2,17.6,12
277,62.51,5,16,21,32,38,112,3,2,22.4,21
278,62.51,2,14,26,33,37,112,3,2,22.4,26
279,62.51,9,17,26,28,32,112,3,2,22.4,26
280,62.51,3,18,25,32,34,112,3,2,22.4,25
281,62.51,2,4,17,28,37,88,3,2,17.6,17
282,62.51,4,17,22,34,41,118,3,2,23.6,22
283,62.51,7,15,18,30,42,112,3,2,22.4,18
284,62.51,6,12,27,32,35,112,3,2,22.4,27
285,62.51,2,7,14,28,37,88,3,2,17.6,14
286,62.51,6,8,13,22,39,88,3,2,17.6,13
287,62.51,6,10,23,37,42,118,3,2,23.6,23
288,62.51,1,12,28,36,41,118,3,2,23.6,28
289,62.51,8,12,21,35,42,118,3,2,23.6,21
290,62.5,3,12,24,25,38,102,3,2,20.4,24
291,62.5,2,5,22,24,41,94,3,2,18.8,22
292,62.5,3,18,23,24,30,98,3,2,19.6,23
293,62.5,2,7,27,34,36,106,3,2,21.2,27
294,62.5,8,13,14,26,41,102,3,2,20.4,14
295,62.5,4,10,21,22,41,98,3,2,19.6,21
296,62.5,1,6,22,30,35,94,3,2,18.8,22
297,62.5,3,4,16,37,42,102,3,2,20.4,16
298,62.5,5,6,10,37,40,98,3,2,19.6,10
299,62.5,6,11,27,28,30,102,3,2,20.4,27
300,62.5,10,18,20,27,31,106,3,2,21.2,20
301,62.5,5,13,14,24,42,98,3,2,19.6,14
302,62.5,4,12,27,28,31,102,3,2,20.4,27
303,62.5,3,7,20,30,34,94,3,2,18.8,20
304,62.5,3,5,22,28,36,94,3,2,18.8,22
305,62.5,2,13,14,29,40,98,3,2,19.6,14
306,62.5,8,10,23,24,33,98,3,2,19.6,23
307,62.5,2,4,21,25,42,94,3,2,18.8,21
308,62.5,10,16,21,23,36,106,3,2,21.2,21
309,62.5,4,7,29,32,34,106,3,2,21.2,29
310,62.01,4,9,14,23,37,87,2,3,17.4,14
311,62.01,2,5,11,28,41,87,2,3,17.4,11
312,62.01,7,14,21,29,42,113,2,3,22.6,21
313,62.01,4,15,20,39,41,119,2,3,23.8,20
314,62.01,3,6,27,35,42,113,2,3,22.6,27
315,62.01,5,13,24,36,41,119,2,3,23.8,24
316,62.01,4,18,21,29,41,113,2,3,22.6,21
317,62.01,1,6,19,29,32,87,2,3,17.4,19
318,62.01,3,14,27,33,36,113,2,3,22.6,27
319,62.01,7,13,26,32,41,119,2,3,23.8,26
320,62.01,3,10,19,25,30,87,2,3,17.4,19
321,62.01,6,15,20,37,41,119,2,3,23.8,20
322,62.0,9,12,19,30,37,107,2,3,21.4,19
323,62.0,9,10,15,24,39,97,2,3,19.4,15
324,62.0,6,17,19,31,34,107,2,3,21.4,19
325,62.0,2,7,13,33,38,93,2,3,18.6,13
326,62.0,6,11,17,35,38,107,2,3,21.4,17
327,62.0,7,15,16,23,36,97,2,3,19.4,16
328,62.0,7,11,18,34,37,107,2,3,21.4,18
329,62.0,4,7,23,35,38,107,2,3,21.4,23
330,62.0,4,19,20,23,37,103,2,3,20.6,20
331,62.0,1,6,16,33,37,93,2,3,18.6,16
332,62.0,4,8,27,31,37,107,2,3,21.4,27
333,62.0,5,16,17,21,38,97,2,3,19.4,17
334,62.0,6,13,17,32,39,107,2,3,21.4,17
335,61.51,2,7,14,27,36,86,3,2,17.2,14
336,61.51,1,14,29,32,38,114,3,2,22.8,29
337,61.51,5,14,21,36,38,114,3,2,22.8,21
338,61.51,2,19,21,38,40,120,3,2,24.0,21
339,61.51,2,4,19,24,37,86,3,2,17.2,19
340,61.51,2,9,11,24,40,86,3,2,17.2,11
341,61.51,3,6,14,22,41,86,3,2,17.2,14
342,61.51,1,7,12,28,38,86,3,2,17.2,12
343,61.51,6,13,18,35,42,114,3,2,22.8,18
344,61.51,3,10,17,26,30,86,3,2,17.2,17
345,61.51,1,6,18,23,38,86,3,2,17.2,18
346,61.51,2,11,17,24,32,86,3,2,17.2,17
347,61.51,5,18,20,32,39,114,3,2,22.8,20
348,61.5,2,16,19,33,38,108,3,2,21.6,19
349,61.5,6,15,24,29,30,104,3,2,20.8,24
350,61.5,6,14,18,31,39,108,3,2,21.6,18
351,61.5,1,14,27,28,34,104,3,2,20.8,27
352,61.5,6,15,20,21,42,104,3,2,20.8,20
353,61.5,3,8,10,34,37,92,3,2,18.4,10
354,61.5,2,17,19,26,28,92,3,2,18.4,19
355,61.5,8,16,19,20,33,96,3,2,19.2,19
356,61.5,2,19,20,22,41,104,3,2,20.8,20
357,61.5,2,8,20,23,39,92,3,2,18.4,20
358,61.5,6,14,19,33,36,108,3,2,21.6,19
359,61.5,3,4,12,35,42,96,3,2,19.2,12
360,61.5,4,12,13,26,41,96,3,2,19.2,13
361,61.01,5,12,27,33,38,115,2,3,23.0,27
362,61.01,5,16,19,33,42,115,2,3,23.0,19
363,61.01,7,12,17,38,41,115,2,3,23.0,17
364,61.01,1,11,13,26,34,85,2,3,17.0,13
365,61.01,1,17,23,36,38,115,2,3,23.0,23
366,61.01,2,12,29,37,41,121,2,3,24.2,29
367,61.01,6,9,17,21,32,85,2,3,17.0,17
368,61.01,2,7,17,20,39,85,2,3,17.0,17
369,61.01,7,18,23,27,40,115,2,3,23.0,23
370,61.01,2,19,24,35,41,121,2,3,24.2,24
371,61.01,1,9,18,27,30,85,2,3,17.0,18
372,61.01,2,18,23,33,39,115,2,3,23.0,23
373,61.01,2,15,17,39,42,115,2,3,23.0,17
374,61.01,4,7,15,21,38,85,2,3,17.0,15
375,61.01,7,16,19,32,41,115,2,3,23.0,19
376,61.01,1,19,27,32,36,115,2,3,23.0,27
377,61.01,5,10,12,27,31,85,2,3,17.0,12
378,61.01,3,9,18,20,35,85,2,3,17.0,18
379,61.01,1,18,27,32,37,115,2,3,23.0,27
380,61.01,5,12,29,35,40,121,2,3,24.2,29
381,61.01,8,17,25,30,41,121,2,3,24.2,25
382,61.01,8,11,15,39,42,115,2,3,23.0,15
383,61.01,2,7,19,22,35,85,2,3,17.0,19
384,61.01,5,10,14,23,33,85,2,3,17.0,14
385,61.01,7,14,28,31,35,115,2,3,23.0,28
386,61.01,5,19,26,28,37,115,2,3,23.0,26
387,61.0,4,12,13,25,41,95,2,3,19.0,13
388,61.0,8,19,20,25,33,105,2,3,21.0,20
389,61.0,8,17,19,31,34,109,2,3,21.8,19
390,61.0,1,15,23,24,42,105,2,3,21.0,23
391,61.0,10,16,21,23,39,109,2,3,21.8,21
392,61.0,1,6,29,35,38,109,2,3,21.8,29
393,61.0,1,8,27,34,39,109,2,3,21.8,27
394,61.0,10,13,24,29,33,109,2,3,21.8,24
395,61.0,9,10,19,23,34,95,2,3,19.0,19
396,61.0,8,13,19,31,38,109,2,3,21.8,19
397,61.0,1,4,21,23,42,91,2,3,18.2,21
398,61.0,11,17,20,26,35,109,2,3,21.8,20
399,60.51,3,8,21,24,34,90,3,2,18.0,21
400,60.51,8,14,19,23,26,90,3,2,18.0,19
401,60.51,2,12,29,35,38,116,3,2,23.2,29
402,60.51,4,9,12,20,39,84,3,2,16.8,12
403,60.51,3,14,28,35,42,122,3,2,24.4,28
404,60.51,7,18,20,35,42,122,3,2,24.4,20
405,60.51,2,11,28,36,39,116,3,2,23.2,28
406,60.51,14,17,20,28,31,110,3,2,22.0,20
407,60.51,13,16,24,27,30,110,3,2,22.0,24
408,60.51,4,8,11,30,37,90,3,2,18.0,11
409,60.51,12,17,22,26,33,110,3,2,22.0,22
410,60.51,7,12,29,34,40,122,3,2,24.4,29
411,60.51,9,15,26,32,40,122,3,2,24.4,26
412,60.51,5,8,20,26,31,90,3,2,18.0,20
413,60.51,4,6,17,30,33,90,3,2,18.0,17
414,60.51,9,18,27,30,32,116,3,2,23.2,27
415,60.51,2,6,15,21,40,84,3,2,16.8,15
416,60.51,1,8,18,22,35,84,3,2,16.8,18
417,60.51,9,16,20,35,42,122,3,2,24.4,20
418,60.51,4,14,26,37,41,122,3,2,24.4,26
419,60.5,5,10,24,25,42,106,3,2,21.2,24
420,60.5,6,7,11,28,42,94,3,2,18.8,11
421,60.5,5,17,18,24,42,106,3,2,21.2,18
422,60.5,2,7,26,32,33,100,3,2,20.0,26
423,60.5,3,4,26,28,39,100,3,2,20.0,26
424,60.5,6,13,18,31,32,100,3,2,20.0,18
425,60.5,6,7,19,34,40,106,3,2,21.2,19
426,60.5,1,14,22,34,35,106,3,2,21.2,22
427,60.5,7,8,14,24,41,94,3,2,18.8,14
428,60.5,2,14,15,22,41,94,3,2,18.8,15
429,60.5,5,10,24,33,34,106,3,2,21.2,24
430,60.5,2,3,27,34,40,106,3,2,21.2,27
431,60.5,4,13,14,28,35,94,3,2,18.8,14
432,60.01,3,14,29,33,38,117,2,3,23.4,29
433,60.01,6,11,18,37,39,111,2,3,22.2,18
434,60.01,1,17,26,35,38,117,2,3,23.4,26
435,60.01,2,10,15,23,33,83,2,3,16.6,15
436,60.01,4,9,15,23,32,83,2,3,16.6,15
437,60.01,2,4,15,33,35,89,2,3,17.8,15
438,60.01,11,15,20,29,36,111,2,3,22.2,20
439,60.01,9,15,17,22,26,89,2,3,17.8,17
440,60.01,1,11,18,20,33,83,2,3,16.6,18
441,60.01,6,15,27,31,38,117,2,3,23.4,27
442,60.01,13,17,20,25,36,111,2,3,22.2,20
443,60.01,1,4,31,33,42,111,2,3,22.2,31
444,60.01,3,18,24,33,39,117,2,3,23.4,24
445,60.01,4,9,29,33,36,111,2,3,22.2,29
446,60.01,5,14,27,35,42,123,2,3,24.6,27
447,60.01,9,14,24,35,41,123,2,3,24.6,24
448,60.01,3,8,11,26,35,83,2,3,16.6,11
449,60.01,9,13,24,35,42,123,2,3,24.6,24
450,60.01,8,13,17,38,41,117,2,3,23.4,17
451,60.01,2,9,11,26,35,83,2,3,16.6,11
452,60.01,5,18,23,29,42,117,2,3,23.4,23
453,60.01,7,19,21,34,36,117,2,3,23.4,21
454,60.0,7,10,21,22,33,93,2,3,18.6,21
455,60.0,7,14,25,26,35,107,2,3,21.4,25
456,60.0,5,18,26,27,31,107,2,3,21.4,26
457,60.0,5,6,23,25,42,101,2,3,20.2,23
458,60.0,3,10,15,39,40,107,2,3,21.4,15
459,60.0,6,9,13,35,36,99,2,3,19.8,13
460,60.0,6,7,18,35,41,107,2,3,21.4,18
461,60.0,6,18,19,29,35,107,2,3,21.4,19
462,60.0,9,19,23,24,32,107,2,3,21.4,23
463,60.0,3,17,18,29,40,107,2,3,21.4,18
464,60.0,3,12,23,24,31,93,2,3,18.6,23
465,60.0,3,6,26,27,39,101,2,3,20.2,26
466,60.0,5,9,27,28,32,101,2,3,20.2,27
467,60.0,6,7,21,27,38,99,2,3,19.8,21
468,60.0,5,6,19,33,36,99,2,3,19.8,19
469,59.51,9,11,16,24,28,88,3,2,17.6,16
470,59.51,2,18,29,33,36,118,3,2,23.6,29
471,59.51,7,18,21,38,40,124,3,2,24.8,21
472,59.51,1,8,16,20,37,82,3,2,16.4,16
473,59.51,4,12,15,21,30,82,3,2,16.4,15
474,59.51,13,15,20,30,34,112,3,2,22.4,20
475,59.51,4,8,12,25,33,82,3,2,16.4,12
476,59.51,6,14,28,31,39,118,3,2,23.6,28
477,59.51,1,8,16,24,33,82,3,2,16.4,16
478,59.51,5,7,12,22,36,82,3,2,16.4,12
479,59.51,4,16,19,23,26,88,3,2,17.6,19
480,59.51,2,10,30,35,41,118,3,2,23.6,30
481,59.51,1,19,28,34,36,118,3,2,23.6,28
482,59.51,4,7,27,36,38,112,3,2,22.4,27
483,59.51,8,15,27,30,38,118,3,2,23.6,27
484,59.51,11,13,24,28,36,112,3,2,22.4,24
485,59.51,9,16,18,34,41,118,3,2,23.6,18
486,59.5,8,9,15,32,38,102,3,2,20.4,15
487,59.5,5,10,14,39,40,108,3,2,21.6,14
488,59.5,8,14,17,31,32,102,3,2,20.4,17
489,59.5,6,13,23,24,42,108,3,2,21.6,23
490,59.5,4,8,21,32,33,98,3,2,19.6,21
491,59.5,14,17,20,21,30,102,3,2,20.4,20
492,59.5,4,11,20,36,37,108,3,2,21.6,20
493,59.5,7,11,12,38,40,108,3,2,21.6,12
494,59.5,8,9,12,26,37,92,3,2,18.4,12
495,59.01,6,15,19,37,42,119,2,3,23.8,19
496,59.01,4,9,17,19,38,87,2,3,17.4,17
497,59.01,11,15,22,27,38,113,2,3,22.6,22
498,59.01,2,9,12,25,33,81,2,3,16.2,12
499,59.01,4,19,22,39,41,125,2,3,25.0,22
500,59.01,3,18,27,35,42,125,2,3,25.0,27
501,59.01,8,13,19,21,26,87,2,3,17.4,19
502,59.01,2,5,10,23,41,81,2,3,16.2,10
503,59.01,5,15,26,38,41,125,2,3,25.0,26
504,59.01,2,7,14,23,35,81,2,3,16.2,14
505,59.01,5,9,20,23,30,87,2,3,17.4,20
506,59.01,12,14,25,29,33,113,2,3,22.6,25
507,59.01,6,9,26,35,37,113,2,3,22.6,26
508,59.01,8,11,28,33,39,119,2,3,23.8,28
509,59.01,4,19,24,37,41,125,2,3,25.0,24
510,59.0,4,5,19,36,39,103,2,3,20.6,19
511,59.0,2,11,29,30,37,109,2,3,21.8,29
512,59.0,1,14,15,27,34,91,2,3,18.2,15
513,59.0,3,17,18,23,30,91,2,3,18.2,18
514,59.0,9,10,21,28,41,109,2,3,21.8,21
515,59.0,1,11,12,35,38,97,2,3,19.4,12
516,59.0,5,6,14,29,37,91,2,3,18.2,14
517,59.0,5,11,25,26,42,109,2,3,21.8,25
518,59.0,9,10,13,35,42,109,2,3,21.8,13
519,59.0,9,12,24,25,39,109,2,3,21.8,24
520,59.0,9,10,15,32,37,103,2,3,20.6,15
521,59.0,5,8,23,24,37,97,2,3,19.4,23
522,59.0,6,7,17,29,32,91,2,3,18.2,17
523,59.0,10,15,20,21,37,103,2,3,20.6,20
524,58.51,10,15,21,30,38,114,3,2,22.8,21
525,58.51,3,18,24,36,39,120,3,2,24.0,24
526,58.51,8,16,24,37,41,126,3,2,25.2,24
527,58.51,12,15,24,28,35,114,3,2,22.8,24
528,58.51,5,12,15,26,28,86,3,2,17.2,15
529,58.51,2,6,21,24,33,86,3,2,17.2,21
530,58.51,2,4,19,25,30,80,3,2,16.0,19
531,58.51,3,5,12,30,36,86,3,2,17.2,12
532,58.51,4,7,11,28,30,80,3,2,16.0,11
533,58.51,8,19,27,32,40,126,3,2,25.2,27
534,58.51,1,20,22,36,41,120,3,2,24.0,22
535,58.51,4,15,18,22,27,86,3,2,17.2,18
536,58.51,7,17,26,34,42,126,3,2,25.2,26
537,58.51,5,6,22,36,41,110,3,2,22.0,22
538,58.5,3,17,18,30,36,104,3,2,20.8,18
539,58.5,9,13,14,32,36,104,3,2,20.8,14
540,58.5,11,18,20,21,34,104,3,2,20.8,20
541,58.01,6,8,27,39,41,121,2,3,24.2,27
542,58.01,2,3,14,29,41,89,2,3,17.8,14
543,58.01,11,13,23,26,42,115,2,3,23.0,23
544,58.01,6,18,21,37,39,121,2,3,24.2,21
545,58.01,1,13,32,35,40,121,2,3,24.2,32
546,58.01,1,4,10,33,37,85,2,3,17.0,10
547,58.01,1,18,25,26,41,111,2,3,22.2,25
548,58.01,2,14,15,23,35,89,2,3,17.8,15
549,58.01,12,15,20,31,37,115,2,3,23.0,20
550,58.01,3,19,28,35,42,127,2,3,25.4,28
551,58.01,8,17,27,33,42,127,2,3,25.4,27
552,58.01,2,9,29,30,41,111,2,3,22.2,29
553,58.01,3,4,17,26,39,89,2,3,17.8,17
554,58.01,2,5,30,37,41,115,2,3,23.0,30
555,58.01,12,15,21,27,40,115,2,3,23.0,21
556,58.01,1,19,28,35,38,121,2,3,24.2,28
557,58.01,8,11,28,35,39,121,2,3,24.2,28
558,58.01,8,9,16,23,33,89,2,3,17.8,16
559,58.01,1,5,18,23,32,79,2,3,15.8,18
560,58.0,5,6,23,29,42,105,2,3,21.0,23
561,58.0,1,2,19,35,38,95,2,3,19.0,19
562,58.0,1,2,23,28,41,95,2,3,19.0,23
563,58.0,5,7,16,38,39,105,2,3,21.0,16
564,58.0,4,9,25,26,41,105,2,3,21.0,25
565,57.51,9,10,20,37,42,118,3,2,23.6,20
566,57.51,10,17,20,31,38,116,3,2,23.2,20
567,57.51,1,21,28,32,40,122,3,2,24.4,28
568,57.51,10,19,24,30,33,116,3,2,23.2,24
569,57.51,2,3,18,24,41,88,3,2,17.6,18
570,57.51,4,5,27,34,42,112,3,2,22.4,27
571,57.51,13,16,21,32,34,116,3,2,23.2,21
572,57.51,2,7,31,34,42,116,3,2,23.2,31
573,57.51,4,18,26,35,39,122,3,2,24.4,26
574,57.51,7,9,14,26,28,84,3,2,16.8,14
575,57.51,6,10,21,37,38,112,3,2,22.4,21
576,57.51,6,9,29,38,40,122,3,2,24.4,29
577,57.5,10,13,22,23,38,106,3,2,21.2,22
578,57.5,4,7,20,21,42,94,3,2,18.8,20
579,57.5,6,9,22,23,34,94,3,2,18.8,22
580,57.5,7,12,14,36,37,106,3,2,21.2,14
581,57.01,15,17,26,28,31,117,2,3,23.4,26
582,57.01,13,17,20,25,42,117,2,3,23.4,20
583,57.01,3,16,29,30,35,113,2,3,22.6,29
584,57.01,1,11,30,39,42,123,2,3,24.6,30
585,57.01,6,11,13,25,28,83,2,3,16.6,13
586,57.01,9,13,28,35,38,123,2,3,24.6,28
587,57.01,1,21,24,37,40,123,2,3,24.6,24
588,57.01,2,7,11,30,33,83,2,3,16.6,11
589,57.01,2,5,12,31,33,83,2,3,16.6,12
590,57.01,10,17,20,31,39,117,2,3,23.4,20
591,57.01,11,18,27,29,32,117,2,3,23.4,27
592,57.01,13,15,20,33,42,123,2,3,24.6,20
593,57.01,1,5,10,28,33,77,2,3,15.4,10
594,57.01,6,7,21,38,41,113,2,3,22.6,21
595,57.01,7,20,25,30,41,123,2,3,24.6,25
596,57.01,4,5,25,37,42,113,2,3,22.6,25
597,57.01,4,18,27,35,39,123,2,3,24.6,27
598,57.01,4,9,10,29,35,87,2,3,17.4,10
599,57.0,1,3,28,30,31,93,2,3,18.6,28
600,57.0,9,12,19,33,34,107,2,3,21.4,19
601,57.0,2,15,17,36,37,107,2,3,21.4,17
602,56.52,8,13,28,39,42,130,3,2,26.0,28
603,56.52,7,18,29,37,40,131,2,3,26.2,29
604,56.52,9,18,26,36,41,130,3,2,26.0,26
605,56.52,9,17,24,39,42,131,2,3,26.2,24
606,56.51,2,20,24,35,37,118,3,2,23.6,24
607,56.51,13,15,22,30,38,118,3,2,23.6,22
608,56.51,12,16,20,29,41,118,3,2,23.6,20
609,56.51,8,10,29,33,34,114,3,2,22.8,29
610,56.51,6,11,18,39,40,114,3,2,22.8,18
611,56.51,8,9,17,38,42,114,3,2,22.8,17
612,56.51,11,13,22,34,38,118,3,2,23.6,22
613,56.51,4,13,24,39,40,120,3,2,24.0,24
614,56.51,3,4,14,29,36,86,3,2,17.2,14
615,56.51,7,9,14,18,34,82,3,2,16.4,14
616,56.51,1,10,18,25,28,82,3,2,16.4,18
617,56.51,6,8,11,18,39,82,3,2,16.4,11
618,56.51,2,4,11,30,35,82,3,2,16.4,11
619,56.51,1,4,11,30,36,82,3,2,16.4,11
620,56.51,1,4,12,30,35,82,3,2,16.4,12
621,56.51,8,15,24,33,34,114,3,2,22.8,24
622,56.51,4,7,10,19,42,82,3,2,16.4,10
623,56.51,6,19,27,34,38,124,3,2,24.8,27
624,56.51,6,19,20,33,36,114,3,2,22.8,20
625,56.51,15,17,22,26,38,118,3,2,23.6,22
626,56.51,7,10,18,21,26,82,3,2,16.4,18
627,56.51,11,19,24,26,38,118,3,2,23.6,24
628,56.51,10,18,26,29,35,118,3,2,23.6,26
629,56.51,15,17,20,28,38,118,3,2,23.6,20
630,56.51,2,16,23,36,37,114,3,2,22.8,23
631,56.51,12,19,22,27,38,118,3,2,23.6,22
632,56.5,2,4,29,36,37,108,3,2,21.6,29
633,56.5,13,18,21,22,34,108,3,2,21.6,21
634,56.5,8,9,20,22,33,92,3,2,18.4,20
635,56.5,1,8,10,36,37,92,3,2,18.4,10
636,56.5,6,14,17,35,36,108,3,2,21.6,17
637,56.5,2,3,20,26,41,92,3,2,18.4,20
638,56.5,3,16,17,34,38,108,3,2,21.6,17
639,56.5,8,13,18,34,35,108,3,2,21.6,18
640,56.01,9,11,30,34,41,125,2,3,25.0,30
641,56.01,3,20,29,31,42,125,2,3,25.0,29
642,56.01,7,13,17,40,42,119,2,3,23.8,17
643,56.01,1,23,27,30,38,119,2,3,23.8,27
644,56.01,11,16,20,37,41,125,2,3,25.0,20
645,56.01,8,17,28,33,39,125,2,3,25.0,28
646,56.01,2,21,27,33,36,119,2,3,23.8,27
647,56.01,7,8,13,25,32,85,2,3,17.0,13
648,56.01,3,21,26,30,39,119,2,3,23.8,26
649,56.01,1,20,25,35,38,119,2,3,23.8,25
650,56.01,5,9,10,28,33,85,2,3,17.0,10
651,56.0,4,5,23,28,31,91,2,3,18.2,23
652,56.0,5,9,26,27,42,109,2,3,21.8,26
653,56.0,8,9,26,31,35,109,2,3,21.8,26
654,56.0,8,9,14,19,41,91,2,3,18.2,14
655,56.0,9,14,15,32,39,109,2,3,21.8,15
656,56.0,6,7,20,37,39,109,2,3,21.8,20
657,56.0,5,16,17,34,37,109,2,3,21.8,17
658,56.0,5,17,18,30,39,109,2,3,21.8,18
659,55.51,10,19,22,33,42,126,3,2,25.2,22
660,55.51,11,18,23,32,42,126,3,2,25.2,23
661,55.51,7,22,26,30,41,126,3,2,25.2,26
662,55.51,2,9,23,24,32,90,3,2,18.0,23
663,55.51,6,7,11,26,34,84,3,2,16.8,11
664,55.51,4,10,11,26,33,84,3,2,16.8,11
665,55.51,4,10,15,24,27,80,3,2,16.0,15
666,55.51,5,6,18,22,33,84,3,2,16.8,18
667,55.51,3,24,27,32,40,126,3,2,25.2,27
668,55.51,6,14,15,26,29,90,3,2,18.0,15
669,55.51,12,15,27,30,36,120,3,2,24.0,27
670,55.51,6,17,18,30,39,110,3,2,22.0,18
671,55.51,4,9,12,14,41,80,3,2,16.0,12
672,55.51,11,14,24,35,42,126,3,2,25.2,24
673,55.51,14,17,24,29,36,120,3,2,24.0,24
674,55.51,13,15,22,28,42,120,3,2,24.0,22
675,55.51,2,7,33,36,42,120,3,2,24.0,33
676,55.51,11,18,20,33,38,120,3,2,24.0,20
677,55.51,1,12,14,25,28,80,3,2,16.0,14
678,55.51,12,13,24,27,34,110,3,2,22.0,24
679,55.01,1,3,10,22,37,73,2,3,14.6,10
680,55.01,3,8,18,19,41,89,2,3,17.8,18
681,55.01,3,7,19,20,34,83,2,3,16.6,19
682,55.01,5,20,27,32,37,121,2,3,24.2,27
683,55.01,3,4,10,33,39,89,2,3,17.8,10
684,55.01,8,11,13,21,26,79,2,3,15.8,13
685,55.01,8,15,21,39,40,123,2,3,24.6,21
686,55.01,12,15,25,28,41,121,2,3,24.2,25
687,55.01,10,15,21,32,33,111,2,3,22.2,21
688,55.01,13,19,21,30,38,121,2,3,24.2,21
689,55.01,3,20,21,31,42,117,2,3,23.4,21
690,55.01,1,3,15,22,32,73,2,3,14.6,15
691,55.01,1,2,16,27,37,83,2,3,16.6,16
692,54.51,2,5,16,29,30,82,3,2,16.4,16
693,54.51,4,6,11,17,40,78,3,2,15.6,11
694,54.51,13,18,27,30,34,122,3,2,24.4,27
695,54.51,11,14,27,36,40,128,3,2,25.6,27
696,54.51,8,11,26,36,37,118,3,2,23.6,26
697,54.51,4,7,21,22,34,88,3,2,17.6,21
698,54.51,1,18,28,29,42,118,3,2,23.6,28
699,54.51,6,7,16,21,32,82,3,2,16.4,16
700,54.51,8,14,23,36,37,118,3,2,23.6,23
701,54.51,1,2,19,32,34,88,3,2,17.6,19
702,54.51,12,20,24,31,35,122,3,2,24.4,24
703,54.51,3,4,17,20,38,82,3,2,16.4,17
704,54.51,4,5,12,23,38,82,3,2,16.4,12
705,54.51,1,10,36,39,42,128,3,2,25.6,36
706,54.51,11,17,26,32,36,122,3,2,24.4,26
707,54.51,4,8,15,17,34,78,3,2,15.6,15
708,54.51,6,20,25,34,37,122,3,2,24.4,25
709,54.51,3,17,18,36,38,112,3,2,22.4,18
710,54.51,1,4,13,24,30,72,3,2,14.4,13
711,54.51,3,20,27,34,38,122,3,2,24.4,27
712,54.51,5,12,28,39,40,124,3,2,24.8,28
713,54.51,3,17,18,22,28,88,3,2,17.6,18
714,54.51,10,12,27,31,32,112,3,2,22.4,27
715,54.51,6,8,17,28,29,88,3,2,17.6,17
716,54.51,3,15,30,38,42,128,3,2,25.6,30
717,54.51,12,18,21,32,39,122,3,2,24.4,21
718,54.51,3,6,10,19,40,78,3,2,15.6,10
719,54.51,4,13,18,20,23,78,3,2,15.6,18
720,54.51,16,17,21,26,32,112,3,2,22.4,21
721,54.51,6,7,15,24,30,82,3,2,16.4,15
722,54.51,2,12,14,23,27,78,3,2,15.6,14
723,54.51,10,18,26,27,31,112,3,2,22.4,26
724,54.01,8,11,27,39,40,125,2,3,25.0,27
725,54.01,3,9,34,36,41,123,2,3,24.6,34
726,54.01,5,6,21,24,31,87,2,3,17.4,21
727,54.01,10,15,25,26,37,113,2,3,22.6,25
728,54.01,13,15,28,31,42,129,2,3,25.8,28
729,54.01,6,15,28,29,41,119,2,3,23.8,28
730,54.01,3,16,17,23,28,87,2,3,17.4,17
731,54.01,1,23,28,37,40,129,2,3,25.8,28
732,54.01,11,19,22,35,42,129,2,3,25.8,22
733,54.01,3,8,17,21,28,77,2,3,15.4,17
734,54.01,9,20,24,33,37,123,2,3,24.6,24
735,54.01,4,5,13,22,37,81,2,3,16.2,13
736,54.01,3,9,14,23,28,77,2,3,15.4,14
737,54.01,1,2,21,24,39,87,2,3,17.4,21
738,54.01,14,17,21,37,40,129,2,3,25.8,21
739,54.01,3,7,14,16,37,77,2,3,15.4,14
740,54.01,1,9,14,31,32,87,2,3,17.4,14
741,54.01,12,17,24,31,39,123,2,3,24.6,24
742,54.01,10,15,27,34,37,123,2,3,24.6,27
743,54.01,6,18,19,21,23,87,2,3,17.4,19
744,54.01,5,20,25,38,41,129,2,3,25.8,25
745,54.01,1,8,22,23,33,87,2,3,17.4,22
746,54.01,5,7,15,24,26,77,2,3,15.4,15
747,54.01,1,25,27,34,36,123,2,3,24.6,27
748,54.01,9,14,31,33,42,129,2,3,25.8,31
749,53.52,4,26,29,37,42,138,3,2,27.6,29
750,53.52,4,15,31,39,42,131,2,3,26.2,31
751,53.52,7,21,30,36,40,134,3,2,26.8,30
752,53.52,9,11,32,38,40,130,3,2,26.0,32
753,53.52,3,19,33,36,40,131,2,3,26.2,33
754,53.52,11,18,27,34,42,132,3,2,26.4,27
755,53.52,1,28,30,37,41,137,2,3,27.4,30
756,53.52,6,14,31,39,41,131,2,3,26.2,31
757,53.52,13,18,22,39,42,134,3,2,26.8,22
758,53.52,3,25,32,37,42,139,2,3,27.8,32
759,53.52,3,14,35,38,41,131,2,3,26.2,35
760,53.52,14,19,27,32,40,132,3,2,26.4,27
761,53.52,10,15,29,36,41,131,2,3,26.2,29
762,53.52,17,19,22,33,42,133,2,3,26.6,22
763,53.52,18,21,23,30,41,133,2,3,26.6,23
764,53.52,12,15,29,36,40,132,3,2,26.4,29
765,53.52,7,20,25,36,42,130,3,2,26.0,25
766,53.52,5,18,33,38,40,134,3,2,26.8,33
767,53.52,13,20,25,32,42,132,3,2,26.4,25
768,53.52,15,18,23,34,42,132,3,2,26.4,23
769,53.52,2,18,35,38,41,134,3,2,26.8,35
770,53.52,2,14,35,37,42,130,3,2,26.0,35
771,53.52,3,26,28,31,42,130,3,2,26.0,28
772,53.52,6,16,33,37,42,134,3,2,26.8,33
773,53.52,17,21,26,32,42,138,3,2,27.6,26
774,53.52,1,24,29,38,42,134,3,2,26.8,29
775,53.52,2,22,30,35,41,130,3,2,26.0,30
776,53.52,14,21,24,35,42,136,3,2,27.2,24
777,53.52,10,20,23,39,41,133,2,3,26.6,23
778,53.52,1,17,35,40,42,135,2,3,27.0,35
779,53.52,10,19,24,37,42,132,3,2,26.4,24
780,53.52,5,18,32,36,41,132,3,2,26.4,32
781,53.52,8,21,25,39,42,135,2,3,27.0,25
782,53.52,4,17,32,39,41,133,2,3,26.6,32
783,53.52,5,27,29,32,42,135,2,3,27.0,29
784,53.52,3,26,30,36,41,136,3,2,27.2,30
785,53.52,5,24,29,39,42,139,2,3,27.8,29
786,53.52,6,20,27,35,42,130,3,2,26.0,27
787,53.52,12,21,29,36,40,138,3,2,27.6,29
788,53.51,1,22,26,32,33,114,3,2,22.8,26
789,53.51,2,14,29,37,38,120,3,2,24.0,29
790,53.51,12,14,24,35,39,124,3,2,24.8,24
791,53.51,2,9,15,18,32,76,3,2,15.2,15
792,53.51,12,13,22,26,41,114,3,2,22.8,22
793,53.51,3,14,30,31,42,120,3,2,24.0,30
794,53.51,3,4,10,25,38,80,3,2,16.0,10
795,53.51,5,6,13,24,32,80,3,2,16.0,13
796,53.51,9,21,28,30,36,124,3,2,24.8,28
797,53.51,16,18,26,29,35,124,3,2,24.8,26
798,53.51,4,6,13,31,32,86,3,2,17.2,13
799,53.51,10,17,27,34,36,124,3,2,24.8,27
800,53.51,12,16,27,33,36,124,3,2,24.8,27
801,53.51,16,18,23,28,39,124,3,2,24.8,23
802,53.51,4,8,10,13,41,76,3,2,15.2,10
803,53.51,2,3,14,29,32,80,3,2,16.0,14
804,53.01,5,6,18,27,29,85,2,3,17.0,18
805,53.01,13,15,26,27,34,115,2,3,23.0,26
806,53.01,13,18,25,26,33,115,2,3,23.0,25
807,53.01,2,9,13,30,31,85,2,3,17.0,13
808,53.01,5,8,15,21,26,75,2,3,15.0,15
809,53.01,13,21,24,32,35,125,2,3,25.0,24
810,53.01,13,18,26,29,39,125,2,3,25.0,26
811,53.01,10,18,27,31,39,125,2,3,25.0,27
812,53.01,6,19,29,33,34,121,2,3,24.2,29
813,53.01,3,9,16,28,29,85,2,3,17.0,16
814,53.01,1,24,27,35,38,125,2,3,25.0,27
815,53.01,6,21,25,35,38,125,2,3,25.0,25
816,53.01,1,7,14,25,28,75,2,3,15.0,14
817,53.01,4,7,11,19,34,75,2,3,15.0,11
818,52.51,2,3,11,20,42,78,3,2,15.6,11
819,52.51,4,5,12,30,33,84,3,2,16.8,12
820,52.51,9,21,28,32,36,126,3,2,25.2,28
821,52.51,13,19,26,28,40,126,3,2,25.2,26
822,52.51,14,19,20,22,41,116,3,2,23.2,20
823,52.51,13,14,20,31,38,116,3,2,23.2,20
824,52.51,2,4,14,19,35,74,3,2,14.8,14
825,52.51,4,13,22,41,42,122,3,2,24.4,22
826,52.51,13,19,26,30,38,126,3,2,25.2,26
827,52.51,4,20,29,31,32,116,3,2,23.2,29
828,52.01,5,9,16,17,36,83,2,3,16.6,16
829,52.01,13,15,28,30,31,117,2,3,23.4,28
830,52.01,5,9,13,22,24,73,2,3,14.6,13
831,52.01,4,13,29,38,39,123,2,3,24.6,29
832,52.01,13,20,27,32,35,127,2,3,25.4,27
833,52.01,3,13,15,20,22,73,2,3,14.6,15
834,52.01,4,17,19,20,23,83,2,3,16.6,19
835,52.01,9,23,26,31,38,127,2,3,25.4,26
836,52.01,11,20,29,32,35,127,2,3,25.4,29
837,52.01,9,10,19,21,24,83,2,3,16.6,19
838,52.01,3,14,29,38,39,123,2,3,24.6,29
839,52.01,2,3,21,27,30,83,2,3,16.6,21
840,52.01,6,9,25,38,39,117,2,3,23.4,25
841,52.01,4,5,11,25,32,77,2,3,15.4,11
842,51.52,8,19,26,39,40,132,3,2,26.4,26
843,51.51,2,8,13,21,28,72,3,2,14.4,13
844,51.51,6,23,28,32,39,128,3,2,25.6,28
845,51.51,4,8,35,39,42,128,3,2,25.6,35
846,51.51,2,5,14,30,31,82,3,2,16.4,14
847,51.51,10,18,24,25,41,118,3,2,23.6,24
848,51.51,1,18,32,33,40,124,3,2,24.8,32
849,51.51,12,13,20,34,39,118,3,2,23.6,20
850,51.51,4,9,13,20,26,72,3,2,14.4,13
851,51.51,7,9,34,38,40,128,3,2,25.6,34
852,51.01,11,14,27,28,39,119,2,3,23.8,27
853,51.01,13,20,29,31,36,129,2,3,25.8,29
854,51.01,6,7,13,15,40,81,2,3,16.2,13
855,51.01,1,13,19,20,28,81,2,3,16.2,19
856,51.01,14,19,21,32,33,119,2,3,23.8,21
857,51.01,7,11,32,33,42,125,2,3,25.0,32
858,51.01,15,19,24,32,39,129,2,3,25.8,24
859,51.01,6,9,15,17,24,71,2,3,14.2,15
860,51.01,2,5,17,21,26,71,2,3,14.2,17
861,51.01,1,4,14,17,35,71,2,3,14.2,14
862,51.01,1,9,12,21,28,71,2,3,14.2,12
863,51.01,13,19,20,32,35,119,2,3,23.8,20
864,51.01,18,19,23,27,32,119,2,3,23.8,23
865,51.01,8,13,17,40,41,119,2,3,23.8,17
866,51.01,3,9,14,21,24,71,2,3,14.2,14
867,51.01,2,7,11,23,28,71,2,3,14.2,11
868,51.01,10,23,28,33,35,129,2,3,25.8,28
869,51.01,1,2,18,21,33,75,2,3,15.0,18
870,50.52,19,22,27,33,38,139,2,3,27.8,27
871,50.52,11,22,29,32,38,132,3,2,26.4,29
872,50.52,15,23,26,36,39,139,2,3,27.8,26
873,50.52,16,21,24,34,39,134,3,2,26.8,24
874,50.52,19,24,27,31,34,135,2,3,27.0,27
875,50.52,16,19,28,34,37,134,3,2,26.8,28
876,50.52,17,19,26,34,39,135,2,3,27.0,26
877,50.52,17,23,26,35,38,139,2,3,27.8,26
878,50.52,12,26,29,33,36,136,3,2,27.2,29
879,50.52,18,20,25,32,35,130,3,2,26.0,25
880,50.52,11,24,27,33,38,133,2,3,26.6,27
881,50.52,1,8,13,20,28,70,3,2,14.0,13
882,50.52,11,15,32,36,42,136,3,2,27.2,32
883,50.52,19,21,28,30,39,137,2,3,27.4,28
884,50.52,16,20,29,35,39,139,2,3,27.8,29
885,50.52,19,23,28,31,38,139,2,3,27.8,28
886,50.52,2,8,12,17,31,70,3,2,14.0,12
887,50.52,13,24,29,32,36,134,3,2,26.8,29
888,50.52,2,4,10,25,29,70,3,2,14.0,10
889,50.52,12,20,29,31,39,131,2,3,26.2,29
890,50.52,18,21,25,32,39,135,2,3,27.0,25
891,50.52,13,20,29,34,37,133,2,3,26.6,29
892,50.52,18,20,29,31,35,133,2,3,26.6,29
893,50.52,17,19,25,34,36,131,2,3,26.2,25
894,50.52,14,20,23,37,39,133,2,3,26.6,23
895,50.51,5,6,19,22,28,80,3,2,16.0,19
896,50.51,11,14,28,29,38,120,3,2,24.0,28
897,50.51,4,15,19,20,22,80,3,2,16.0,19
898,50.51,3,24,29,30,34,120,3,2,24.0,29
899,50.51,3,4,12,25,30,74,3,2,14.8,12
900,50.51,16,18,27,29,30,120,3,2,24.0,27
901,50.51,17,18,24,28,33,120,3,2,24.0,24
902,50.51,11,18,22,34,35,120,3,2,24.0,22
903,50.01,8,9,12,15,35,79,2,3,15.8,12
904,50.01,3,9,12,27,28,79,2,3,15.8,12
905,50.01,3,23,24,32,39,121,2,3,24.2,24
906,50.01,9,23,24,31,34,121,2,3,24.2,24
907,50.01,1,25,26,34,41,127,2,3,25.4,26
908,50.01,9,22,23,32,35,121,2,3,24.2,23
909,50.01,3,6,14,15,41,79,2,3,15.8,14
910,50.01,5,8,17,24,25,79,2,3,15.8,17
911,49.51,6,23,24,34,41,128,3,2,25.6,24
912,49.51,10,19,24,34,35,122,3,2,24.4,24
913,49.51,6,9,10,17,36,78,3,2,15.6,10
914,49.51,4,7,32,39,40,122,3,2,24.4,32
915,49.51,6,7,13,24,28,78,3,2,15.6,13
916,49.51,14,20,21,30,37,122,3,2,24.4,21
917,49.51,11,16,26,27,42,122,3,2,24.4,26
918,49.51,7,11,12,20,28,78,3,2,15.6,12
919,49.51,2,3,12,20,35,72,3,2,14.4,12
920,49.01,11,18,26,27,41,123,2,3,24.6,26
921,49.01,3,8,19,23,24,77,2,3,15.4,19
922,49.01,1,5,16,17,38,77,2,3,15.4,16
923,48.52,5,18,28,40,41,132,3,2,26.4,28
924,48.52,5,16,35,41,42,139,2,3,27.8,35
925,48.52,7,13,32,40,41,133,2,3,26.6,32
926,48.52,2,3,10,25,30,70,3,2,14.0,10
927,48.52,17,19,20,38,40,134,3,2,26.8,20
928,48.52,6,21,34,35,41,137,2,3,27.4,34
929,48.52,12,23,24,37,41,137,2,3,27.4,24
930,48.52,7,13,36,37,42,135,2,3,27.0,36
931,48.52,7,20,26,39,40,132,3,2,26.4,26
932,48.52,1,25,30,41,42,139,2,3,27.8,30
933,48.52,2,19,37,39,40,137,2,3,27.4,37
934,48.52,12,20,23,39,40,134,3,2,26.8,23
935,48.52,6,23,31,32,42,134,3,2,26.8,31
936,48.52,3,27,28,32,40,130,3,2,26.0,28
937,48.52,5,18,36,39,40,138,3,2,27.6,36
938,48.52,7,13,28,41,42,131,2,3,26.2,28
939,48.52,19,20,23,34,42,138,3,2,27.6,23
940,48.52,7,14,36,39,40,136,3,2,27.2,36
941,48.52,2,26,27,33,42,130,3,2,26.0,27
942,48.52,12,24,25,36,41,138,3,2,27.6,25
943,48.52,15,24,29,30,40,138,3,2,27.6,29
944,48.52,7,14,28,41,42,132,3,2,26.4,28
945,48.52,13,26,27,31,42,139,2,3,27.8,27
946,48.52,16,23,24,34,41,138,3,2,27.6,24
947,48.51,6,27,29,30,32,124,3,2,24.8,29
948,48.51,2,3,16,26,29,76,3,2,15.2,16
949,48.51,2,26,27,30,39,124,3,2,24.8,27
950,48.51,5,6,11,14,40,76,3,2,15.2,11
951,48.51,2,3,15,18,38,76,3,2,15.2,15
952,48.51,7,8,30,38,41,124,3,2,24.8,30
953,48.01,18,19,25,30,33,125,2,3,25.0,25
954,48.01,11,17,24,36,37,125,2,3,25.0,24
955,48.01,15,19,24,33,34,125,2,3,25.0,24
956,48.01,1,6,14,15,39,75,2,3,15.0,14
957,47.51,4,5,12,25,28,74,3,2,14.8,12
958,47.51,17,18,26,30,35,126,3,2,25.2,26
959,47.51,18,19,21,26,42,126,3,2,25.2,21
960,47.51,8,22,27,34,35,126,3,2,25.2,27
961,47.51,6,8,33,39,40,126,3,2,25.2,33
962,47.51,2,11,12,20,29,74,3,2,14.8,12
963,47.51,8,9,14,17,26,74,3,2,14.8,14
964,47.01,13,19,26,27,42,127,2,3,25.4,26
965,47.01,17,18,24,33,35,127,2,3,25.4,24
966,47.01,6,7,13,21,26,73,2,3,14.6,13
967,47.01,1,10,11,24,27,73,2,3,14.6,11
968,47.01,3,4,14,25,27,73,2,3,14.6,14
969,47.01,1,12,13,21,26,73,2,3,14.6,13
970,46.51,1,6,39,40,42,128,3,2,25.6,39
971,46.51,1,4,15,16,36,72,3,2,14.4,15
972,46.51,1,10,12,24,25,72,3,2,14.4,12
973,46.51,15,16,24,35,38,128,3,2,25.6,24
974,46.51,8,25,26,33,36,128,3,2,25.6,26
975,46.51,10,25,28,32,33,128,3,2,25.6,28
976,46.01,6,9,31,41,42,129,2,3,25.8,31
977,46.01,17,18,21,35,38,129,2,3,25.8,21
978,46.01,1,3,18,19,30,71,2,3,14.2,18
979,46.01,4,7,38,39,41,129,2,3,25.8,38
980,46.01,4,27,28,33,37,129,2,3,25.8,28
981,46.01,2,3,15,23,28,71,2,3,14.2,15
982,46.01,6,27,28,33,35,129,2,3,25.8,28
983,46.01,9,20,23,38,39,129,2,3,25.8,23
984,46.01,3,4,10,13,41,71,2,3,14.2,10
985,45.52,15,27,28,32,34,136,3,2,27.2,28
986,45.52,4,5,10,17,34,70,3,2,14.0,10
987,45.52,17,18,29,33,36,133,2,3,26.6,29
988,45.52,12,19,23,40,41,135,2,3,27.0,23
989,45.52,14,15,27,40,42,138,3,2,27.6,27
990,45.52,19,23,29,30,36,137,2,3,27.4,29
991,45.52,11,18,26,38,39,132,3,2,26.4,26
992,45.52,17,26,27,30,35,135,2,3,27.0,27
993,45.52,12,15,34,35,40,136,3,2,27.2,34
994,45.52,5,20,22,41,42,130,3,2,26.0,22
995,45.52,12,28,29,31,39,139,2,3,27.8,29
996,45.52,4,10,13,21,22,70,3,2,14.0,13
997,45.52,14,15,28,36,39,132,3,2,26.4,28
998,45.52,10,17,29,38,39,133,2,3,26.6,29
999,45.52,19,20,29,32,35,135,2,3,27.0,29
1000,45.52,3,4,16,20,27,70,3,2,14.0,16
